{
  "info": {
    "name": "AmmaAarogyam API",
    "schema": "https://schema.getpostman.com/json/collection/v2.1.0/collection.json"
  },
  "item": [
    {
      "name": "List products",
      "request": {
        "method": "GET",
        "header": [],
        "url": {
          "raw": "http://localhost:4000/api/products",
          "host": [
            "http://localhost:4000"
          ],
          "path": [
            "api",
            "products"
          ]
        }
      }
    },
    {
      "name": "Create cart",
      "request": {
        "method": "POST",
        "header": [
          {
            "key": "Content-Type",
            "value": "application/json"
          }
        ],
        "body": {
          "mode": "raw",
          "raw": "{ \"user_id\": null }"
        },
        "url": {
          "raw": "http://localhost:4000/api/cart",
          "host": [
            "http://localhost:4000"
          ],
          "path": [
            "api",
            "cart"
          ]
        }
      }
    },
    {
      "name": "Create order (demo)",
      "request": {
        "method": "POST",
        "header": [
          {
            "key": "Content-Type",
            "value": "application/json"
          }
        ],
        "body": {
          "mode": "raw",
          "raw": "{ \"cartId\": \"<cart id>\", \"user_id\": null }"
        },
        "url": {
          "raw": "http://localhost:4000/api/orders/create",
          "host": [
            "http://localhost:4000"
          ],
          "path": [
            "api",
            "orders",
            "create"
          ]
        }
      }
    }
  ]
}